Workbook

Sheet DB_Benefits_Matrix
A1: Job Grade/Years of Service | B1: 1 | C1: 2 | D1: 3 | E1: 4 | F1: 5+
A2: G1 | B2: 3.63 | C2: 3.37 | D2: 1.25 | E2: 3.63 | F2: 4.27
A3: G2 | B3: 1.13 | C3: 2.07 | D3: 4.57 | E3: 4.2 | F3: 1.95
A4: G3 | B4: 2.7 | C4: 3.23 | D4: 3.22 | E4: 3.04 | F4: 3.84
A5: G4 | B5: 4.65 | C5: 2.53 | D5: 1.84 | E5: 1.83 | F5: 3.52
A6: G5 | B6: 2.16 | C6: 1.33 | D6: 4.9 | E6: 3.13 | F6: 4.03

Sheet DB_Tax_Brackets
A1: Min_Salary | B1: Max_Salary | C1: Tax_Rate | D1: Fixed_Deduction
A2: 0 | B2: 5000 | C2: 0 | D2: 0
A3: 5001 | B3: 10000 | C3: 0.05 | D3: 250
A4: 10001 | B4: 15000 | C4: 0.1 | D4: 750
A5: 15001 | B5: 999999 | C5: 0.2 | D5: 2250

Sheet Employees
A1: EmpID | B1: Name | C1: Grade | D1: Join_Date | E1: Base_Salary | F1: Department
A2: E001 | B2: Employee 1 | C2: G5 | D2: 45321 | E2: 8631 | F2: IT
A3: E002 | B3: Employee 2 | C3: G3 | D3: 45115 | E3: 4395 | F3: HR
A4: E003 | B4: Employee 3 | C4: G2 | D4: 44792 | E4: 12607 | F4: HR
A5: E004 | B5: Employee 4 | C5: G3 | D5: 44669 | E5: 6920 | F5: Finance
A6: E005 | B6: Employee 5 | C6: G3 | D6: 45725 | E6: 17640 | F6: Operations
A7: E006 | B7: Employee 6 | C7: G5 | D7: 44727 | E7: 19522 | F7: Operations
A8: E007 | B8: Employee 7 | C8: G1 | D8: 45234 | E8: 12374 | F8: Operations
A9: E008 | B9: Employee 8 | C9: G1 | D9: 44503 | E9: 5088 | F9: Operations
A10: E009 | B10: Employee 9 | C10: G3 | D10: 44950 | E10: 10580 | F10: Finance
A11: E010 | B11: Employee 10 | C11: G2 | D11: 45438 | E11: 11519 | F11: Finance
A12: E011 | B12: Employee 11 | C12: G2 | D12: 45083 | E12: 9682 | F12: Finance
A13: E012 | B13: Employee 12 | C13: G5 | D13: 45372 | E13: 18565 | F13: HR
... A21: E020 | B21: Employee 20 | C21: G5 | D21: 45084 | E21: 12689 | F21: HR

Sheet Attendance
A1: EmpID | B1: Month | C1: Days_Present | D1: Overtime_Hours | E1: Absent_Days
A2: E001 | B2: Jan | C2: 22 | D2: 19 | E2: 5
A3: E001 | B3: Feb | C3: 30 | D3: 20 | E3: 0
A4: E001 | B4: Mar | C4: 23 | D4: 13 | E4: 0
A5: E002 | B5: Jan | C5: 26 | D5: 8 | E5: 4
A6: E002 | B6: Feb | C6: 25 | D6: 20 | E6: 5
A7: E002 | B7: Mar | C7: 27 | D7: 5 | E7: 5
A8: E003 | B8: Jan | C8: 26 | D8: 10 | E8: 1
A9: E003 | B9: Feb | C9: 29 | D9: 3 | E9: 4
A10: E003 | B10: Mar | C10: 24 | D10: 5 | E10: 4
A11: E004 | B11: Jan | C11: 29 | D11: 8 | E11: 4
A12: E004 | B12: Feb | C12: 21 | D12: 18 | E12: 1
A13: E004 | B13: Mar | C13: 27 | D13: 1 | E13: 3
... A61: E020 | B61: Mar | C61: 20 | D61: 11 | E61: 5

Sheet Salary_Processing
A1: EmpID | B1: Month | C1: Base_Salary | D1: Overtime_Pay | E1: Gross_Salary | F1: Tax_Amount | G1: Net_Salary
A2: E001 | B2: Jan | C2: =VLOOKUP(A2, Employees!$A$2:$E$21, 5, FALSE) | D2: =VLOOKUP(A2, Attendance!$A$2:$D$61, 4, FALSE) * (C2/30/8) | E2: =C2 + D2 | F2: =IF(E2>15000, E2*0.2, IF(E2>10000, E2*0.1, IF(E2>5000, E2*0.05, 0))) | G2: =E2 - F2
A3: E001 | B3: Feb | C3: =VLOOKUP(A3, Employees!$A$2:$E$21, 5, FALSE) | D3: =VLOOKUP(A3, Attendance!$A$2:$D$61, 4, FALSE) * (C3/30/8) | E3: =C3 + D3 | F3: =IF(E3>15000, E3*0.2, IF(E3>10000, E3*0.1, IF(E3>5000, E3*0.05, 0))) | G3: =E3 - F3
A4: E001 | B4: Mar | C4: =VLOOKUP(A4, Employees!$A$2:$E$21, 5, FALSE) | D4: =VLOOKUP(A4, Attendance!$A$2:$D$61, 4, FALSE) * (C4/30/8) | E4: =C4 + D4 | F4: =IF(E4>15000, E4*0.2, IF(E4>10000, E4*0.1, IF(E4>5000, E4*0.05, 0))) | G4: =E4 - F4
A5: E002 | B5: Jan | C5: =VLOOKUP(A5, Employees!$A$2:$E$21, 5, FALSE) | D5: =VLOOKUP(A5, Attendance!$A$2:$D$61, 4, FALSE) * (C5/30/8) | E5: =C5 + D5 | F5: =IF(E5>15000, E5*0.2, IF(E5>10000, E5*0.1, IF(E5>5000, E5*0.05, 0))) | G5: =E5 - F5
A6: E002 | B6: Feb | C6: =VLOOKUP(A6, Employees!$A$2:$E$21, 5, FALSE) | D6: =VLOOKUP(A6, Attendance!$A$2:$D$61, 4, FALSE) * (C6/30/8) | E6: =C6 + D6 | F6: =IF(E6>15000, E6*0.2, IF(E6>10000, E6*0.1, IF(E6>5000, E6*0.05, 0))) | G6: =E6 - F6
A7: E002 | B7: Mar | C7: =VLOOKUP(A7, Employees!$A$2:$E$21, 5, FALSE) | D7: =VLOOKUP(A7, Attendance!$A$2:$D$61, 4, FALSE) * (C7/30/8) | E7: =C7 + D7 | F7: =IF(E7>15000, E7*0.2, IF(E7>10000, E7*0.1, IF(E7>5000, E7*0.05, 0))) | G7: =E7 - F7
A8: E003 | B8: Jan | C8: =VLOOKUP(A8, Employees!$A$2:$E$21, 5, FALSE) | D8: =VLOOKUP(A8, Attendance!$A$2:$D$61, 4, FALSE) * (C8/30/8) | E8: =C8 + D8 | F8: =IF(E8>15000, E8*0.2, IF(E8>10000, E8*0.1, IF(E8>5000, E8*0.05, 0))) | G8: =E8 - F8
A9: E003 | B9: Feb | C9: =VLOOKUP(A9, Employees!$A$2:$E$21, 5, FALSE) | D9: =VLOOKUP(A9, Attendance!$A$2:$D$61, 4, FALSE) * (C9/30/8) | E9: =C9 + D9 | F9: =IF(E9>15000, E9*0.2, IF(E9>10000, E9*0.1, IF(E9>5000, E9*0.05, 0))) | G9: =E9 - F9
A10: E003 | B10: Mar | C10: =VLOOKUP(A10, Employees!$A$2:$E$21, 5, FALSE) | D10: =VLOOKUP(A10, Attendance!$A$2:$D$61, 4, FALSE) * (C10/30/8) | E10: =C10 + D10 | F10: =IF(E10>15000, E10*0.2, IF(E10>10000, E10*0.1, IF(E10>5000, E10*0.05, 0))) | G10: =E10 - F10
A11: E004 | B11: Jan | C11: =VLOOKUP(A11, Employees!$A$2:$E$21, 5, FALSE) | D11: =VLOOKUP(A11, Attendance!$A$2:$D$61, 4, FALSE) * (C11/30/8) | E11: =C11 + D11 | F11: =IF(E11>15000, E11*0.2, IF(E11>10000, E11*0.1, IF(E11>5000, E11*0.05, 0))) | G11: =E11 - F11
A12: E004 | B12: Feb | C12: =VLOOKUP(A12, Employees!$A$2:$E$21, 5, FALSE) | D12: =VLOOKUP(A12, Attendance!$A$2:$D$61, 4, FALSE) * (C12/30/8) | E12: =C12 + D12 | F12: =IF(E12>15000, E12*0.2, IF(E12>10000, E12*0.1, IF(E12>5000, E12*0.05, 0))) | G12: =E12 - F12
A13: E004 | B13: Mar | C13: =VLOOKUP(A13, Employees!$A$2:$E$21, 5, FALSE) | D13: =VLOOKUP(A13, Attendance!$A$2:$D$61, 4, FALSE) * (C13/30/8) | E13: =C13 + D13 | F13: =IF(E13>15000, E13*0.2, IF(E13>10000, E13*0.1, IF(E13>5000, E13*0.05, 0))) | G13: =E13 - F13
... A61: E020 | B61: Mar | C61: =VLOOKUP(A61, Employees!$A$2:$E$21, 5, FALSE) | D61: =VLOOKUP(A61, Attendance!$A$2:$D$61, 4, FALSE) * (C61/30/8) | E61: =C61 + D61 | F61: =IF(E61>15000, E61*0.2, IF(E61>10000, E61*0.1, IF(E61>5000, E61*0.05, 0))) | G61: =E61 - F61

Sheet Benefits_Lookup
A1: EmpID | B1: Name | C1: Grade | D1: Years_of_Service | E1: Benefit_Multiplier | F1: Calculated_Benefit
A2: E001 | B2: =VLOOKUP(A2, Employees!$A$2:$B$21, 2, FALSE) | C2: =VLOOKUP(A2, Employees!$A$2:$C$21, 3, FALSE) | D2: =YEAR(TODAY()) - YEAR(VLOOKUP(A2, Employees!$A$2:$D$21, 4, FALSE)) | E2: =INDEX(DB_Benefits_Matrix!$B$2:$F$6, MATCH(C2, DB_Benefits_Matrix!$A$2:$A$6, 0), MATCH(D2, DB_Benefits_Matrix!$B$1:$F$1, 0)) | F2: =VLOOKUP(A2, Salary_Processing!$A$2:$G$61, 7, FALSE) * E2
A3: E002 | B3: =VLOOKUP(A3, Employees!$A$2:$B$21, 2, FALSE) | C3: =VLOOKUP(A3, Employees!$A$2:$C$21, 3, FALSE) | D3: =YEAR(TODAY()) - YEAR(VLOOKUP(A3, Employees!$A$2:$D$21, 4, FALSE)) | E3: =INDEX(DB_Benefits_Matrix!$B$2:$F$6, MATCH(C3, DB_Benefits_Matrix!$A$2:$A$6, 0), MATCH(D3, DB_Benefits_Matrix!$B$1:$F$1, 0)) | F3: =VLOOKUP(A3, Salary_Processing!$A$2:$G$61, 7, FALSE) * E3
A4: E003 | B4: =VLOOKUP(A4, Employees!$A$2:$B$21, 2, FALSE) | C4: =VLOOKUP(A4, Employees!$A$2:$C$21, 3, FALSE) | D4: =YEAR(TODAY()) - YEAR(VLOOKUP(A4, Employees!$A$2:$D$21, 4, FALSE)) | E4: =INDEX(DB_Benefits_Matrix!$B$2:$F$6, MATCH(C4, DB_Benefits_Matrix!$A$2:$A$6, 0), MATCH(D4, DB_Benefits_Matrix!$B$1:$F$1, 0)) | F4: =VLOOKUP(A4, Salary_Processing!$A$2:$G$61, 7, FALSE) * E4
A5: E004 | B5: =VLOOKUP(A5, Employees!$A$2:$B$21, 2, FALSE) | C5: =VLOOKUP(A5, Employees!$A$2:$C$21, 3, FALSE) | D5: =YEAR(TODAY()) - YEAR(VLOOKUP(A5, Employees!$A$2:$D$21, 4, FALSE)) | E5: =INDEX(DB_Benefits_Matrix!$B$2:$F$6, MATCH(C5, DB_Benefits_Matrix!$A$2:$A$6, 0), MATCH(D5, DB_Benefits_Matrix!$B$1:$F$1, 0)) | F5: =VLOOKUP(A5, Salary_Processing!$A$2:$G$61, 7, FALSE) * E5
A6: E005 | B6: =VLOOKUP(A6, Employees!$A$2:$B$21, 2, FALSE) | C6: =VLOOKUP(A6, Employees!$A$2:$C$21, 3, FALSE) | D6: =YEAR(TODAY()) - YEAR(VLOOKUP(A6, Employees!$A$2:$D$21, 4, FALSE)) | E6: =INDEX(DB_Benefits_Matrix!$B$2:$F$6, MATCH(C6, DB_Benefits_Matrix!$A$2:$A$6, 0), MATCH(D6, DB_Benefits_Matrix!$B$1:$F$1, 0)) | F6: =VLOOKUP(A6, Salary_Processing!$A$2:$G$61, 7, FALSE) * E6
A7: E006 | B7: =VLOOKUP(A7, Employees!$A$2:$B$21, 2, FALSE) | C7: =VLOOKUP(A7, Employees!$A$2:$C$21, 3, FALSE) | D7: =YEAR(TODAY()) - YEAR(VLOOKUP(A7, Employees!$A$2:$D$21, 4, FALSE)) | E7: =INDEX(DB_Benefits_Matrix!$B$2:$F$6, MATCH(C7, DB_Benefits_Matrix!$A$2:$A$6, 0), MATCH(D7, DB_Benefits_Matrix!$B$1:$F$1, 0)) | F7: =VLOOKUP(A7, Salary_Processing!$A$2:$G$61, 7, FALSE) * E7
A8: E007 | B8: =VLOOKUP(A8, Employees!$A$2:$B$21, 2, FALSE) | C8: =VLOOKUP(A8, Employees!$A$2:$C$21, 3, FALSE) | D8: =YEAR(TODAY()) - YEAR(VLOOKUP(A8, Employees!$A$2:$D$21, 4, FALSE)) | E8: =INDEX(DB_Benefits_Matrix!$B$2:$F$6, MATCH(C8, DB_Benefits_Matrix!$A$2:$A$6, 0), MATCH(D8, DB_Benefits_Matrix!$B$1:$F$1, 0)) | F8: =VLOOKUP(A8, Salary_Processing!$A$2:$G$61, 7, FALSE) * E8
A9: E008 | B9: =VLOOKUP(A9, Employees!$A$2:$B$21, 2, FALSE) | C9: =VLOOKUP(A9, Employees!$A$2:$C$21, 3, FALSE) | D9: =YEAR(TODAY()) - YEAR(VLOOKUP(A9, Employees!$A$2:$D$21, 4, FALSE)) | E9: =INDEX(DB_Benefits_Matrix!$B$2:$F$6, MATCH(C9, DB_Benefits_Matrix!$A$2:$A$6, 0), MATCH(D9, DB_Benefits_Matrix!$B$1:$F$1, 0)) | F9: =VLOOKUP(A9, Salary_Processing!$A$2:$G$61, 7, FALSE) * E9
A10: E009 | B10: =VLOOKUP(A10, Employees!$A$2:$B$21, 2, FALSE) | C10: =VLOOKUP(A10, Employees!$A$2:$C$21, 3, FALSE) | D10: =YEAR(TODAY()) - YEAR(VLOOKUP(A10, Employees!$A$2:$D$21, 4, FALSE)) | E10: =INDEX(DB_Benefits_Matrix!$B$2:$F$6, MATCH(C10, DB_Benefits_Matrix!$A$2:$A$6, 0), MATCH(D10, DB_Benefits_Matrix!$B$1:$F$1, 0)) | F10: =VLOOKUP(A10, Salary_Processing!$A$2:$G$61, 7, FALSE) * E10
A11: E010 | B11: =VLOOKUP(A11, Employees!$A$2:$B$21, 2, FALSE) | C11: =VLOOKUP(A11, Employees!$A$2:$C$21, 3, FALSE) | D11: =YEAR(TODAY()) - YEAR(VLOOKUP(A11, Employees!$A$2:$D$21, 4, FALSE)) | E11: =INDEX(DB_Benefits_Matrix!$B$2:$F$6, MATCH(C11, DB_Benefits_Matrix!$A$2:$A$6, 0), MATCH(D11, DB_Benefits_Matrix!$B$1:$F$1, 0)) | F11: =VLOOKUP(A11, Salary_Processing!$A$2:$G$61, 7, FALSE) * E11
A12: E011 | B12: =VLOOKUP(A12, Employees!$A$2:$B$21, 2, FALSE) | C12: =VLOOKUP(A12, Employees!$A$2:$C$21, 3, FALSE) | D12: =YEAR(TODAY()) - YEAR(VLOOKUP(A12, Employees!$A$2:$D$21, 4, FALSE)) | E12: =INDEX(DB_Benefits_Matrix!$B$2:$F$6, MATCH(C12, DB_Benefits_Matrix!$A$2:$A$6, 0), MATCH(D12, DB_Benefits_Matrix!$B$1:$F$1, 0)) | F12: =VLOOKUP(A12, Salary_Processing!$A$2:$G$61, 7, FALSE) * E12
A13: E012 | B13: =VLOOKUP(A13, Employees!$A$2:$B$21, 2, FALSE) | C13: =VLOOKUP(A13, Employees!$A$2:$C$21, 3, FALSE) | D13: =YEAR(TODAY()) - YEAR(VLOOKUP(A13, Employees!$A$2:$D$21, 4, FALSE)) | E13: =INDEX(DB_Benefits_Matrix!$B$2:$F$6, MATCH(C13, DB_Benefits_Matrix!$A$2:$A$6, 0), MATCH(D13, DB_Benefits_Matrix!$B$1:$F$1, 0)) | F13: =VLOOKUP(A13, Salary_Processing!$A$2:$G$61, 7, FALSE) * E13
... A21: E020 | B21: =VLOOKUP(A21, Employees!$A$2:$B$21, 2, FALSE) | C21: =VLOOKUP(A21, Employees!$A$2:$C$21, 3, FALSE) | D21: =YEAR(TODAY()) - YEAR(VLOOKUP(A21, Employees!$A$2:$D$21, 4, FALSE)) | E21: =INDEX(DB_Benefits_Matrix!$B$2:$F$6, MATCH(C21, DB_Benefits_Matrix!$A$2:$A$6, 0), MATCH(D21, DB_Benefits_Matrix!$B$1:$F$1, 0)) | F21: =VLOOKUP(A21, Salary_Processing!$A$2:$G$61, 7, FALSE) * E21

Sheet Final_Payroll
A1: EmpID | B1: Total_Net_Salary | C1: Total_Benefits | D1: Final_Payout | E1: Payout_Status
A2: E001 | B2: =SUMIFS(Salary_Processing!$G$2:$G$61, Salary_Processing!$A$2:$A$61, A2) | C2: =SUMIFS(Benefits_Lookup!$F$2:$F$21, Benefits_Lookup!$A$2:$A$21, A2) | D2: =B2 + C2 | E2: =IF(D2>50000, "High Earner", "Standard")
A3: E002 | B3: =SUMIFS(Salary_Processing!$G$2:$G$61, Salary_Processing!$A$2:$A$61, A3) | C3: =SUMIFS(Benefits_Lookup!$F$2:$F$21, Benefits_Lookup!$A$2:$A$21, A3) | D3: =B3 + C3 | E3: =IF(D3>50000, "High Earner", "Standard")
A4: E003 | B4: =SUMIFS(Salary_Processing!$G$2:$G$61, Salary_Processing!$A$2:$A$61, A4) | C4: =SUMIFS(Benefits_Lookup!$F$2:$F$21, Benefits_Lookup!$A$2:$A$21, A4) | D4: =B4 + C4 | E4: =IF(D4>50000, "High Earner", "Standard")
A5: E004 | B5: =SUMIFS(Salary_Processing!$G$2:$G$61, Salary_Processing!$A$2:$A$61, A5) | C5: =SUMIFS(Benefits_Lookup!$F$2:$F$21, Benefits_Lookup!$A$2:$A$21, A5) | D5: =B5 + C5 | E5: =IF(D5>50000, "High Earner", "Standard")
A6: E005 | B6: =SUMIFS(Salary_Processing!$G$2:$G$61, Salary_Processing!$A$2:$A$61, A6) | C6: =SUMIFS(Benefits_Lookup!$F$2:$F$21, Benefits_Lookup!$A$2:$A$21, A6) | D6: =B6 + C6 | E6: =IF(D6>50000, "High Earner", "Standard")
A7: E006 | B7: =SUMIFS(Salary_Processing!$G$2:$G$61, Salary_Processing!$A$2:$A$61, A7) | C7: =SUMIFS(Benefits_Lookup!$F$2:$F$21, Benefits_Lookup!$A$2:$A$21, A7) | D7: =B7 + C7 | E7: =IF(D7>50000, "High Earner", "Standard")
A8: E007 | B8: =SUMIFS(Salary_Processing!$G$2:$G$61, Salary_Processing!$A$2:$A$61, A8) | C8: =SUMIFS(Benefits_Lookup!$F$2:$F$21, Benefits_Lookup!$A$2:$A$21, A8) | D8: =B8 + C8 | E8: =IF(D8>50000, "High Earner", "Standard")
A9: E008 | B9: =SUMIFS(Salary_Processing!$G$2:$G$61, Salary_Processing!$A$2:$A$61, A9) | C9: =SUMIFS(Benefits_Lookup!$F$2:$F$21, Benefits_Lookup!$A$2:$A$21, A9) | D9: =B9 + C9 | E9: =IF(D9>50000, "High Earner", "Standard")
A10: E009 | B10: =SUMIFS(Salary_Processing!$G$2:$G$61, Salary_Processing!$A$2:$A$61, A10) | C10: =SUMIFS(Benefits_Lookup!$F$2:$F$21, Benefits_Lookup!$A$2:$A$21, A10) | D10: =B10 + C10 | E10: =IF(D10>50000, "High Earner", "Standard")
A11: E010 | B11: =SUMIFS(Salary_Processing!$G$2:$G$61, Salary_Processing!$A$2:$A$61, A11) | C11: =SUMIFS(Benefits_Lookup!$F$2:$F$21, Benefits_Lookup!$A$2:$A$21, A11) | D11: =B11 + C11 | E11: =IF(D11>50000, "High Earner", "Standard")
A12: E011 | B12: =SUMIFS(Salary_Processing!$G$2:$G$61, Salary_Processing!$A$2:$A$61, A12) | C12: =SUMIFS(Benefits_Lookup!$F$2:$F$21, Benefits_Lookup!$A$2:$A$21, A12) | D12: =B12 + C12 | E12: =IF(D12>50000, "High Earner", "Standard")
A13: E012 | B13: =SUMIFS(Salary_Processing!$G$2:$G$61, Salary_Processing!$A$2:$A$61, A13) | C13: =SUMIFS(Benefits_Lookup!$F$2:$F$21, Benefits_Lookup!$A$2:$A$21, A13) | D13: =B13 + C13 | E13: =IF(D13>50000, "High Earner", "Standard")
... A21: E020 | B21: =SUMIFS(Salary_Processing!$G$2:$G$61, Salary_Processing!$A$2:$A$61, A21) | C21: =SUMIFS(Benefits_Lookup!$F$2:$F$21, Benefits_Lookup!$A$2:$A$21, A21) | D21: =B21 + C21 | E21: =IF(D21>50000, "High Earner", "Standard")

Sheet Dashboard_Summary
A1: Total Headcount | B1: =COUNTA(Employees!$A$2:$A$21)
A2: Total Payout | B2: =SUM(Final_Payroll!$D$2:$D$21)
A3: IT Dept Cost | B3: =SUMIFS(Final_Payroll!$D$2:$D$21, Employees!$F$2:$F$21, "IT")
